gitlab_cdn,2026-05-23 18:44:47,200
gitea_cdn,2026-05-23 18:44:47,200
website,2026-05-23 18:44:47,200
bitbucket_cdn,2026-05-23 18:44:47,200
github_gist,2026-05-23 18:44:47,200
gitea,2026-05-23 18:44:47,200
bitbucket,2026-05-23 18:44:47,200
github_cdn,2026-05-23 18:44:47,200
github_gist_cdn,2026-05-23 18:44:47,200
github,2026-05-23 18:44:47,200
codeberg,2026-05-23 18:44:47,200
codeberg_cdn,2026-05-23 18:44:47,200
gitlab,2026-05-23 18:44:47,200
purge,2026-05-23 18:44:47,200
gitlab_cdn,2026-05-23 19:53:51,200
gitea_cdn,2026-05-23 19:53:51,200
website,2026-05-23 19:53:51,200
github_cdn,2026-05-23 19:53:51,200
github_gist,2026-05-23 19:53:51,200
bitbucket_cdn,2026-05-23 19:53:51,200
gitlab,2026-05-23 19:53:51,200
github_gist_cdn,2026-05-23 19:53:51,200
codeberg_cdn,2026-05-23 19:53:51,200
codeberg,2026-05-23 19:53:51,200
github,2026-05-23 19:53:51,200
gitea,2026-05-23 19:53:51,200
bitbucket,2026-05-23 19:53:51,200
purge,2026-05-23 19:53:51,200
github_cdn,2026-05-23 20:42:35,200
github_gist_cdn,2026-05-23 20:42:35,200
gitea_cdn,2026-05-23 20:42:35,200
bitbucket,2026-05-23 20:42:35,200
bitbucket_cdn,2026-05-23 20:42:35,200
github_gist,2026-05-23 20:42:35,200
gitlab,2026-05-23 20:42:35,200
gitlab_cdn,2026-05-23 20:42:35,200
website,2026-05-23 20:42:35,200
github,2026-05-23 20:42:35,200
codeberg,2026-05-23 20:42:35,200
codeberg_cdn,2026-05-23 20:42:35,200
gitea,2026-05-23 20:42:35,200
purge,2026-05-23 20:42:35,200
github_gist_cdn,2026-05-23 21:38:34,200
gitea,2026-05-23 21:38:34,200
website,2026-05-23 21:38:34,200
bitbucket,2026-05-23 21:38:34,200
github,2026-05-23 21:38:34,200
gitea_cdn,2026-05-23 21:38:34,200
github_cdn,2026-05-23 21:38:34,200
gitlab,2026-05-23 21:38:34,200
codeberg,2026-05-23 21:38:34,200
codeberg_cdn,2026-05-23 21:38:34,200
github_gist,2026-05-23 21:38:34,200
bitbucket_cdn,2026-05-23 21:38:34,200
gitlab_cdn,2026-05-23 21:38:34,200
purge,2026-05-23 21:38:34,200
